mag	sample	tpm
MEGAHIT-MaxBin2Refined-VK-3516-a1f_S39_L002.003	VK-3516-a1f_S39	10376.837
MEGAHIT-MaxBin2Refined-VK-3516-l3u_S16_L002.002	VK-3516-a1f_S39	918172.1
MEGAHIT-MaxBin2Refined-VK-3516-a1f_S39_L002.002	VK-3516-a1f_S39	71451
MEGAHIT-MetaBAT2Refined-VK-3516-KFM02a-3_S40_L002.56_sub	VK-3516-a1u_S32	389.69327
MEGAHIT-MaxBin2Refined-VK-3516-a1u_S32_L002.006	VK-3516-a1u_S32	21360.19
MEGAHIT-MaxBin2Refined-VK-3516-l2u_S25_L002.002	VK-3516-a1u_S32	108318.31
MEGAHIT-MaxBin2Refined-VK-3516-media-gw-oil-b_S38_L002.006_sub	VK-3516-a1u_S32	7472.37
MEGAHIT-MetaBAT2Refined-VK-3516-a1u_S32_L002.5	VK-3516-a1u_S32	36864.715
MEGAHIT-MetaBAT2Refined-VK-3516-methanol-a_S14_L002.1	VK-3516-a1u_S32	8830.888
MEGAHIT-MaxBin2Refined-VK-3516-a4f_S18_L002.002	VK-3516-a1u_S32	283505.16
MEGAHIT-MetaBAT2Refined-VK-3516-l2u_S25_L002.1	VK-3516-a1u_S32	533258.6
MEGAHIT-MaxBin2Refined-VK-3516-a1f_S39_L002.003	VK-3516-a4f_S18	15071.573
MEGAHIT-MaxBin2Refined-VK-3516-a4f_S18_L002.002	VK-3516-a4f_S18	951369.5
MEGAHIT-MetaBAT2Refined-VK-3516-l2u_S25_L002.1	VK-3516-a4f_S18	33558.855
MEGAHIT-MaxBin2Refined-VK-3516-l2u_S25_L002.002	VK-3516-a4u_S26	168579.5
MEGAHIT-MetaBAT2Refined-VK-3516-KFM24-2_S21_L002.63_sub	VK-3516-a4u_S26	14308.943
MEGAHIT-MaxBin2Refined-VK-3516-l3u_S16_L002.005	VK-3516-a4u_S26	8711.813
MEGAHIT-MetaBAT2Refined-VK-3516-KFM02a-5_S41_L002.16_sub	VK-3516-a4u_S26	609.32446
MEGAHIT-MaxBin2Refined-VK-3516-a4f_S18_L002.002	VK-3516-a4u_S26	150405.42
MEGAHIT-MetaBAT2Refined-VK-3516-l2u_S25_L002.1	VK-3516-a4u_S26	657385.06
MEGAHIT-MetaBAT2Refined-VK-3516-l2u_S25_L002.1	VK-3516-l1f_S24	1000000
MEGAHIT-MaxBin2Refined-VK-3516-a4f_S18_L002.002	VK-3516-l2f_S17	758827
MEGAHIT-MetaBAT2Refined-VK-3516-l2u_S25_L002.1	VK-3516-l2f_S17	241173.03
MEGAHIT-MaxBin2Refined-VK-3516-l2u_S25_L002.002	VK-3516-l2u_S25	337474.4
MEGAHIT-MaxBin2Refined-VK-3516-l2u_S25_L002.003	VK-3516-l2u_S25	385786.38
MEGAHIT-MetaBAT2Refined-VK-3516-l2u_S25_L002.1	VK-3516-l2u_S25	276739.2
MEGAHIT-MaxBin2Refined-VK-3516-l3u_S16_L002.002	VK-3516-l3u_S16	793337.94
MEGAHIT-MetaBAT2Refined-VK-3516-l3u_S16_L002.1	VK-3516-l3u_S16	153247.38
MEGAHIT-MaxBin2Refined-VK-3516-l3u_S16_L002.005	VK-3516-l3u_S16	8916.104
MEGAHIT-MaxBin2Refined-VK-3516-l3u_S16_L002.004	VK-3516-l3u_S16	30011.688
MEGAHIT-MetaBAT2Refined-VK-3516-l2u_S25_L002.1	VK-3516-l3u_S16	14486.971
MEGAHIT-MetaBAT2Refined-VK-3516-l5u_S29_L002.4	VK-3516-l5u_S29	292334.47
MEGAHIT-MetaBAT2Refined-VK-3516-l5u_S29_L002.1	VK-3516-l5u_S29	180600.5
MEGAHIT-MetaBAT2Refined-VK-3516-l5u_S29_L002.5	VK-3516-l5u_S29	241455.38
MEGAHIT-MaxBin2Refined-VK-3516-l3u_S16_L002.004	VK-3516-l5u_S29	4746.949
MEGAHIT-MetaBAT2Refined-VK-3516-l5u_S29_L002.6	VK-3516-l5u_S29	20188.643
MEGAHIT-MetaBAT2Refined-VK-3516-l2u_S25_L002.1	VK-3516-l5u_S29	260674.1
MEGAHIT-MaxBin2Refined-VK-3516-KFM02a-3_S40_L002.019_sub	VK-3516-l6f_S34	17435.594
MEGAHIT-MetaBAT2Refined-VK-3516-KFM02a-2_S19_L002.31_sub	VK-3516-l6f_S34	11429.859
MEGAHIT-MaxBin2Refined-VK-3516-KFM02a-3_S40_L002.026	VK-3516-l6f_S34	145218.3
MEGAHIT-MaxBin2Refined-VK-3516-KFM02a-3_S40_L002.023	VK-3516-l6f_S34	19133.363
MEGAHIT-MetaBAT2Refined-VK-3516-KFM02a-3_S40_L002.49_sub	VK-3516-l6f_S34	71302.266
MEGAHIT-MetaBAT2Refined-VK-3516-l6f_S34_L002.1	VK-3516-l6f_S34	735480.6
MEGAHIT-MaxBin2Refined-VK-3516-KFM02a-3_S40_L002.026	VK-3516-l7f_S35	632810.3
MEGAHIT-MaxBin2Refined-VK-3516-KFM02a-3_S40_L002.023	VK-3516-l7f_S35	66018.02
MEGAHIT-MetaBAT2Refined-VK-3516-KFM02a-3_S40_L002.49_sub	VK-3516-l7f_S35	229297.23
MEGAHIT-MetaBAT2Refined-VK-3516-l6f_S34_L002.1	VK-3516-l7f_S35	71874.64
MEGAHIT-MaxBin2Refined-VK-3516-a1f_S39_L002.003	VK-3516-s2u_S27	236.5279
MEGAHIT-MaxBin2Refined-VK-3516-a1u_S32_L002.006	VK-3516-s2u_S27	32882.63
MEGAHIT-MetaBAT2Refined-VK-3516-s2u_S27_L002.7	VK-3516-s2u_S27	21152.875
MEGAHIT-MaxBin2Refined-VK-3516-l2u_S25_L002.002	VK-3516-s2u_S27	602.23914
MEGAHIT-MetaBAT2Refined-VK-3516-s2u_S27_L002.12	VK-3516-s2u_S27	5670.6343
MEGAHIT-MaxBin2Refined-VK-3516-media-gw-oil-b_S38_L002.006_sub	VK-3516-s2u_S27	5091.5703
MEGAHIT-MetaBAT2Refined-VK-3516-methanol-a_S14_L002.1	VK-3516-s2u_S27	5960.3687
MEGAHIT-MaxBin2Refined-VK-3516-l3u_S16_L002.005	VK-3516-s2u_S27	2367.974
MEGAHIT-MaxBin2Refined-VK-3516-s2u_S27_L002.001	VK-3516-s2u_S27	926035
MEGAHIT-MaxBin2Refined-VK-3516-a1u_S32_L002.006	VK-3516-s3f_S33	7006.824
MEGAHIT-MetaBAT2Refined-VK-3516-s2u_S27_L002.7	VK-3516-s3f_S33	142216.34
MEGAHIT-MetaBAT2Refined-VK-3516-s3f_S33_L002.2_sub	VK-3516-s3f_S33	850776.94
MEGAHIT-MetaBAT2Refined-VK-3516-s2u_S27_L002.7	VK-3516-SA1420-SRM-a_S42	15162.788
MEGAHIT-MaxBin2Refined-VK-3516-SA1420-SRM-a_S42_L002.001	VK-3516-SA1420-SRM-a_S42	522355.03
MEGAHIT-MetaBAT2Refined-VK-3516-SA1420-SRM-a_S42_L002.7_sub	VK-3516-SA1420-SRM-a_S42	34539.215
MEGAHIT-MaxBin2Refined-VK-3516-SA1420-SRM-a_S42_L002.002	VK-3516-SA1420-SRM-a_S42	427943.03
MEGAHIT-MetaBAT2Refined-VK-3516-SA1420-SRM-b_S43_L002.4	VK-3516-SA1420-SRM-b_S43	895379.94
MEGAHIT-MetaBAT2Refined-VK-3516-s2u_S27_L002.7	VK-3516-SA1420-SRM-b_S43	341.41238
MEGAHIT-MaxBin2Refined-VK-3516-SA1420-SRM-a_S42_L002.001	VK-3516-SA1420-SRM-b_S43	8717.784
MEGAHIT-MetaBAT2Refined-VK-3516-SA1420-SRM-a_S42_L002.7_sub	VK-3516-SA1420-SRM-b_S43	1800.794
MEGAHIT-MetaBAT2Refined-VK-3516-s2u_S27_L002.12	VK-3516-SA1420-SRM-b_S43	1701.2632
MEGAHIT-MaxBin2Refined-VK-3516-SA1420-SRM-a_S42_L002.002	VK-3516-SA1420-SRM-b_S43	80558.84
MEGAHIT-MetaBAT2Refined-VK-3516-s3f_S33_L002.2_sub	VK-3516-SA1420-SRM-b_S43	11499.89
